What make of motorcycle do you ride?,Which model?
Vmoto,M/C UNSPEC
Vmoto,SUPER SOCO CPX
Vmoto,SUPER SOCO CUX
Vmoto,SUPER SOCO TC
Vmoto,SUPER SOCO TC MAX
Vmoto,SUPER SOCO TS 1200 R
Vmoto,SUPER SOCO TSX
Vmoto,VT-120 LD
Brixton,BX 125 R
Brixton,BX 125 X
Mash,XY 400
AJP,PR3 125 ENDURO
AJP,PR3 125 SUPERMOTO
AJP,PR3 240 ENDURO
AJP,PR4 240 ENDURO
AJP,PR4 240 ENDURO PRO
AJP,PR4 240 EXTREME
AJP,PR5 250 ENDURO
AJP,PR7
AJP,SPR 250 ENDURO
AJP,SPR 310 ENDURO
Aprilia,DORSODURO 900
Aprilia,RS 125
Aprilia,RS 50
Aprilia,RS 660
Aprilia,RSV 4 1000 RF
Aprilia,RSV 4 1000 RR
Aprilia,RSV 4 1100
Aprilia,RSV 4 1100 FACTORY
Aprilia,RSV 4 1100 FACTORY
Aprilia,RX 125
Aprilia,SHIVER 900
Aprilia,SR 125
Aprilia,SR 50
Aprilia,SX 125
Aprilia,SX 50
Aprilia,SXR 50
Aprilia,TUONO 125
Aprilia,TUONO 660
Aprilia,TUONO V4 1100
Aprilia,TUONO V4 1100 FACTORY
Aprilia,TUONO V4 1100 RR
KSR Moto,CODE 125
KSR Moto,GRS 125
KSR Moto,RACE 125
KSR Moto,SIRION 125
KSR Moto,SIRION 50
KSR Moto,TW 125
KSR Moto,WORX 125
Ariel,ACE
Benelli,IMPERIALE 400
Benelli,LEONCINO 500
Benelli,502C CRUISER
Benelli,502 CUSTOM
Benelli,752 S
Benelli,BN 125
Benelli,BN 302
Benelli,M/C UNSPEC 126 - 650 CC
Benelli,TORNADO NAKED T 125
Benelli,TRK 502
Benelli,TRK 502 X
Beta,ALP 4.0
Beta,ALP 4T 200
Beta,EVO 2T 125
Beta,EVO 2T 200
Beta,EVO 2T 250
Beta,EVO 2T 300
Beta,EVO 4T 300
Beta,RR 2T 125
Beta,RR 2T 200
Beta,RR 2T 250
Beta,RR 2T 300
Beta,RR 2T 50
Beta,RR 4T 125 LC
Beta,RR 4T 125 R LC
Beta,RR 4T 350
Beta,RR 4T 390
Beta,RR 4T 430
Beta,RR 4T 480
Beta,XTRAINER
Bimota,M/C UNSPEC 651 - 1000 CC
Bimota,M/C UNSPEC OVER 1000 CC
Bimota,TESI 3D
BMW,R NINET
BMW,R NINET SCRAMBER
BMW,R NINET URBAN G S
BMW,R NINET PURE
BMW,R NINET SCRAMBLER
BMW,C 400 GT
BMW,C 400 X
BMW,C 650 GT
BMW,C 650 SPORT
BMW,C EVOLUTION
BMW,F 750 GS
BMW,F 800 GT
BMW,F 800 R
BMW,F 850 GS
BMW,F 850 GS ADVENTURE
BMW,F 900 R
BMW,F 900 XR
BMW,G 310 GS
BMW,G 310 R
BMW,K 1600 B
BMW,K 1600 GT
BMW,K 1600 GTL
BMW,M 1000 RR
BMW,R 1250 GS
BMW,R 1250 GS ADVENTURE
BMW,R 1250 R
BMW,R 1250 RS
BMW,R 1250 RS
BMW,R 1250 RT
BMW,R 18
BMW,R 18
Can-Am,SPYDER RT 1330 ACE
Mutt,MONOSHOCK 125
Sinnis,GOODWOOD QM 125-2X
Sinnis,QM 125-2X
AJS,DD 125 E-5C DAYTONA 125
AJS,DD 125 E-8 REGAL RAPTOR
AJS,DIGITA
AJS,F35
AJS,FIREFOX
AJS,FIREFOX
AJS,HIGHWAY STAR
AJS,HIGHWAY STAR
AJS,INSETTO
BMW,S 1000 R
AJS,JSM 50 MOTARD
AJS,MODENA 125
AJS,MODENA 50
UM,RENEGADE SCRAMBLER SPORT 125
BMW,S 1000 RR
BMW,S 1000 XR
Ariic,JL 125 T-12
Ariic,JL 125 T-3
Artisan,ES1-PRO
Artisan,EV
Artisan,EVC 4000
Artisan,EVO
Baotian,BT 125-4
Baotian,BT 49 QT-9
Baotian,BT 50 QT-11
Bilis,LX04
BMW,T 1250 RT
BMW,R NINET SPORT
Bullit,HERITAGE 125
Bullit,HERITAGE 50
BMW,R NINET RACER
Brough Superior,M/C NAKED 651 - 1000 CC
Ural,TOURIST
Bullit,LJ 250-5V
Norton,COMMANDO 961 STREET
Norton,COMMANDO CALIFORNIA
Bumblebee,EV 3000 CLASSIC GT
Bumblebee,JS2A MONACO GT
Bumblebee,LMJR
Bumblebee,MOPED UNSPEC SCOOTER
Brough Superior,SS 100 MK1
CCM,GP450 Adventure
CCM,Scrambler
CCM,Bobber
CCM,SIX
CCM,FT6
CCM,Foggy S
CCM,Foggy FT
CCM,Caf√© Racer
CCM,SPITFIRE
CFMOTO,250 NK
CFMOTO,300 NK
CFMOTO,300 SR
CFMOTO,400 GT
CFMOTO,400 NK
CFMOTO,650 GT
CFMOTO,650 MT
Champ,CM 48 Q-2
Coopop,COOPOP Q1
Direct Bikes,DB 125 T-22 SPYDER
Direct Bikes,DB 125 T-E
Direct Bikes,DB 50 QT-11
Direct Bikes,DB 50 QT-11 SPORTS
Direct Bikes,DB 50 QT-A
Direct Bikes,M/C UNSPEC SCOOTER 51 - 125 CC
Direct Bikes,MOPED UNSPEC SCOOTER
Direct Bikes,ZN 50 QT-15D
Direct Bikes,ZN 50 QT-A
Dogebos,DG-SC14
Dogebos,MOPED UNSPEC SCOOTER
Doohan,MOPED UNSPEC ELECTRIC SCOOTER
Eco Neco,E1
Ecooter,ECOOTER E1R
Ecooter,ECOOTER E2
Efun,E2GO
Efun,LIPO 45
Efun,LIPO 70
Efun,M/C UNSPEC ELECTRIC SCOOTER
Efun,MOPED UNSPEC ELECTRIC SCOOTER
Efun,PUMA
Efun,PUSA 45
Efun,TIGER 100
E-Max,M/C UNSPEC SCOOTER
E-Max,MOPED UNSPEC SCOOTER
Erider,B2000
Erider,M/C UNSPEC ELECTRIC SCOOTER
Eskuta,JINKA
EVO,ES17
Fosti,FT 50 Q-22D
Gen Moto,XGJ 125-21A (RZ)
Gen Moto,XGJ 125-28 REGALIA
Golden Lion,EV 2000
Golden Lion,EV 3000
CFMOTO,650 NK
CFMOTO,700 CL-X HERITAGE
Ducati,SCRAMBLER SIXTY2
Hanway,NK 125 FURIOUS
Ducati,SCRAMBLER
Hanway,SC 125 FURIOUS
Ducati,SCRAMBLER 1100
Ducati,1299 PANIGALE R FINAL EDITION
Ducati,1299 SUPERLEGGERA
Ducati,959 PANIGALE
Ducati,DIAVEL
Bullit,BLUROC 125
Ducati,DIAVEL
Ducati,HYPERMOTARD 939
Ducati,HYPERMOTARD 950
Herald,TRANSLANDER MIRAGE
Ducati,MONSTER 1200
Mutt,MONGREL 125
Horwin,CR6
Horwin,EK1
Horwin,EK3
Jinlun,JL 50 QT-6
Jinlun,MOPED UNSPEC SCOOTER
Keeway,CITYBLADE 125
Keeway,E-ZI MINI
Keeway,E-ZI PLUS
Keeway,K-LIGHT 125
Keeway,RKF 125
Keeway,RKR 125
Keeway,RKS 125 SPORT
Keeway,RLS 125 STD
Keeway,SUPERLIGHT
Keeway,TX 125
Kiden,AQUARIUS KD 125-G
Kiden,ARIES KD 125-J
Kiden,M/C UNSPEC NAKED 51 - 125 CC
Kiden,PISCES KD 125-K
Kingday,DORA 1200
Kollter,ES1
Kurz,FS 125
Kurz,FS 250
Kurz,M/C COMPETITION 126 - 650 CC
Kurz,RT1 125
Kurz,RT1 150
Kurz,RT1 50
Leeway,R8
Leeway,SUN
Leeway,VERACRUZ 125
Leeway,ZN 125 T-Y
Leeway,ZN 50 QT-11
Leeway,ZNAG 50
Ducati,MONSTER 797
Ducati,MONSTER 821
Ducati,MONSTER 937
Ducati,MULTISTRADA 1200 ENDURO PRO
Ducati,MULTISTRADA 1200 ENDURO TP
Ducati,MULTISTRADA 1260
Ducati,MULTISTRADA 950
Ducati,MULTISTRADA  V4
Ducati,MULTISTRADA V4
Ducati,PANIGALE V2
Ducati,PANIGALE V4
Ducati,PANIGALE V4
Ducati,STREETFIGHTER V4
Ducati,STREETFIGHTER V4S
Ducati,SUPERLEGGERA V4
Ducati,SUPERSPORT
Ducati,SUPERSPORT 950
Ducati,X DIAVEL
Fantic Motor,CABALLERO 500
Fantic Motor,CABALLERO 125
Fantic Motor,125 E
Fantic Motor,125 M
Fantic Motor,50 E
Fantic Motor,50 M
Fantic Motor,TL 125 E
Fantic Motor,TL 125 M
Fantic Motor,TL 250 E
Fantic Motor,TL 50 M
Fantic Motor,XE 125
Fantic Motor,XE 50
Fantic Motor,XEF 250 ENDURO
Fantic Motor,XEF 250 ENDURO
Fantic Motor,XM 50
Fantic Motor,CABALLERO 250
Gas Gas,EC 250
Gas Gas,EC 250 F
Gas Gas,EC 300
Gas Gas,EC 300 RANGER
Gas Gas,EC 350 F
Gas Gas,EC RACING 300
Gas Gas,M/C UNSPEC 101 - 150 CC
Gas Gas,M/C UNSPEC 201 - 300 CC
Gas Gas,TXT GP 125
Gas Gas,TXT GP 250
Gas Gas,TXT GP 280
Gas Gas,TXT GP 300
Gas Gas,TXT RACING  125
Gas Gas,TXT RACING 125
Gas Gas,TXT RACING 250
Gas Gas,TXT RACING 280
Gas Gas,TXT RACING 300
Bullit,HERO 125
Gilera,GP 800
Gilera,RUNNER 125
Harley-Davidson,CUSTOM CRUISER
Harley-Davidson,CVO PRO STREET BREAKOUT 1801
Harley-Davidson,CVO ROAD GLIDE CU 1923
Harley-Davidson,CVO ROAD GLIDE SE 1923
Harley-Davidson,CVO STREET GLIDE 1923
Harley-Davidson,CVO TRI GLIDE 1923
Harley-Davidson,CVO ULTRA LTD 1923
Harley-Davidson,DYNA FAT BOB 1690
Harley-Davidson,DYNA FAT BOB 1745
Lifan,LF 1200 DT
Lifan,LF 125-9J
Lifan,LF 125 GY-6
Longjia,LJ 50 QT-2G
Longjia,LJ 50 QT-3L
Longjia,MOPED UNSPEC SCOOTER
Luqi,CAIQIEES 2.0
Luqi,HL 6.0S
Lvneng,LN 1500 DT-2
Lvneng,LX01
Lvneng,LX05
Lvneng,MOPED UNSPEC ELECTRIC SCOOTER
Lvneng,S5
Mangosteen,M1
Mangosteen,MOPED UNSPEC ELECTRIC SCOOTER
Mutt,FAT SABBATH 125
Mash,ADVENTURE 400
Harley-Davidson,DYNA FAT BOB 1868
Harley-Davidson,DYNA LOW RIDER 1690
Mash,CITY 125
Mash,CRUISE 125
Harley-Davidson,DYNA STREET BOB 1690
WK Bikes,SCRAMBLER 125
Harley-Davidson,DYNA STREET BOB 1745
Harley-Davidson,ELECTRA GLIDE REVIVAL
Harley-Davidson,ELECTRA GLIDE STD 1745
Mutt,HILTS 125
Herald,MAVERICK
Mutt,AKITA 125
Harley-Davidson,FATBOY 1690
Harley-Davidson,FATBOY 1745
Harley-Davidson,FATBOY 1868
Mutt,MASTIFF 125
Mondial,HPS 125
Harley-Davidson,FATBOY S 1801
Harley-Davidson,FREEWHEELER 1745
Harley-Davidson,FREEWHEELER 1746
Maxmov,EVOKING
MGB,A9 125
MGB,FANTASY 125
MGB,FANTASY 50
MGB,R8 125
MGB,TRIESTE 125
Moden,EF 11
Moden,MOPED UNSPEC ELECTRIC SCOOTER
Motorini,BOX 125i
Motorini,GP 125i
Motorini,GP 50
Motorini,JJ 125 T-23 SXi
Motorini,MISANO 125
Motorini,MISANO 50
Motorini,MT 125 RRi
Motorini,SMR 125
Motorini,SXi 125
Motorini,SXR 125
Motorini,XP 125
Motorini,XP 50
Mototek,MTR 125-21A
Mototek,XGJ 125-21A
Mototek,XGJ 125-27B
Mototek,XGJ 125-28
Harley-Davidson,FREEWHEELER 1868
Harley-Davidson,FXDR 114 1868
Herald Motor Company,SM 125-25B CLASSIC
Harley-Davidson,FXST SOFTAIL STANDARD
Mutt,FSR 125
Harley-Davidson,FXST SOFTAIL STD
Harley-Davidson,HERITAGE SOFTAIL CL 1690
Harley-Davidson,HERITAGE SOFTAIL CL 1745
Harley-Davidson,HERITAGE SOFTAIL CL 1868
Harley-Davidson,LIVEWIRE 20
Mash,FIFTY
Harley-Davidson,LOW RIDER 1745
Mash,NEW SEVENTY 125
Harley-Davidson,LOW RIDER S 1868
Bullit,HERO 50
AJS,CADWELL 125
Herald,SM 125-25B SCRAMBLER
Mutt,RAZORBACK 125
Bullit,SPIRIT 125
Harley-Davidson,M/C UNSPEC OVER 1000 CC
Neco,ALEX ONE
Neco,AZZURO 125
Neco,AZZURO 50
Neco,AZZURO S
Neco,BORGIA 125
Neco,BORSALINO 125
Neco,BORSALINO 50
Neco,GPX 125
Neco,GPX 50
Neco,LOLA 50
Neco,ONE
Neco,ONE
Neco,ONE 12
Neco,TUSCANO
NIU,M1 PRO
NIU,MGT
NIU,MGTL
NIU,M PLUS
NIU,MQi PLUS SPORT
NIU,N1S
NIU,N CARGO
NIU,NGT
NIU,NQi GT PRO CARGO
NIU,NQi GTS
NIU,NQi GTS PRO
NIU,NQi PRO
NIU,U
NIU,UQi GT PRO
Nooma,FH 125-6C
Pioneer,M/C ADV SPORT 51 - 125 CC
Pioneer,XF 125 L-4B
Pioneer,XF 125 L-4B NEVADA
Qingqi,QM 125-2V
Qingqi,QM 125 T-10R
Rhon,LH 125-6
Rooder,CP-3
Rooder,M1
Rooder,MOPED UNSPEC ELECTRIC SCOOTER
Rooder,R 804 R
Rooder,R 804 S
Sakura,EV 2000
Sakura,EV 3000
Sakura,JS2A
Sakura,JS2B
Sakura,MOPED UNSPEC ELECTRIC SCOOTER
SFM,ZX 125
Shansu,CP-1
Shansu,CP-3
Shansu,CP-4
Shansu,MOPED UNSPEC SCOOTER
Sinnis,AKUMA ZS 125-88
Sinnis,APACHE
Sinnis,APACHE SMR
Sinnis,BLADE
Sinnis,CAMBRIDGE ZN 125 T-69
Bullit Motorcycles,HERO 250
Sinnis,CONNECT 125
Honda,CB 1100
Sinnis,HARRIER
Sinnis,HERO
Sinnis,HOODLUM 125
Sinnis,JET II
Sinnis,LH 125 T-22 HERO-X
Sinnis,MATRIX 3i
Sinnis,OUTLAW 125
Harley-Davidson,PAN AMERICA 1250
Mondial,FLAT TRACK 125
Sinnis,RSX 125
Mondial,125 HPS PAGANI
Sinnis,SHUTTLE
Sinnis,STREET
Sinnis,TERRAIN 125
Sinnis,TERRAIN 125
Sinnis,TWIST 50
Sinnis,ZN 125 T-Y
Sinnis,ZN 50 QT-56 ENCANTO
Sinnis,ZS 125-79 HOODLUM
Sinnis,ZS 400 GY-2 TERRAIN 380
Skyteam,ST 125-11 T-REX
Zontes,ROCKETMAN
Skyteam,ST 125-6 SKYMAX
Skyteam,ST 125-8 SKYBONGO
Skyteam,ST 125-8 SKYMINI
WK Bikes,SCRAMBLER 50
Skyteam,ST 50-6 SKYMAX
Skyteam,ST 50-8 SKYBONGO
Skyteam,ST 50-8 SKYMINI
Stomp,M/C UNSPEC ENDURO 51 - 125 CC
Sunra,HAWK
Sunra,MIKU MAX
Sunra,MIKU SUPER
Sunra,MOPED UNSPEC ELECTRIC SCOOTER
Sunra,ROBO-S
Sunra,RONIC
Sunra,XR-EM36
Sunra,XR-EM45 FALCON
Surron,LIGHT BEE
Surron,MOPED UNSPEC COMPETITION
Surron,STORM BEE
Thumpstar,M/C UNSPEC T/E 51 - 125 CC
Thumpstar,ROAD RIPPER 125
Triton,MANIX ST-125
Triton,MANIX ST-50
Tromox,MINO 45
Tubby Tyre Scooter,MOPED UNSPEC ELECTRIC SCOOTER
Tubby Tyre Scooter,THE ONE EVERYONE WANTS
Ugbest,R3
Ugbest,VAX
Unspecified Chinese / Asian,M/C SCOOTER 51 - 125 CC
Unspecified Chinese / Asian,M/C SUPERSPORT 51 - 125 CC
Unspecified Chinese / Asian,M/C TRAIL/ENDURO 126 - 650 CC
Unspecified Chinese / Asian,M/C UNSPEC
Unspecified Chinese / Asian,M/C UNSPEC 51 - 125 CC
Unspecified Chinese / Asian,M/C UNSPEC SCOOTER
Unspecified Chinese / Asian,MOPED SCOOTER
Unspecified Chinese / Asian,MOPED SPORTS
Unspecified Chinese / Asian,MOPED UNSPEC
Unspecified Chinese / Asian,MOPED UNSPEC
Unspecified Chinese / Asian,MOPED UNSPEC SCOOTER
Unspecified Chinese / Asian,T/C UNSPEC 126 - 650 CC
Unspecified Chinese / Asian,T/C UNSPEC ELECTRIC
VGM,TEKKEN 125
Voge,500 DS
Voge,ER10
Wangye,M/C UNSPEC 51 - 125 CC
Wangye,MOPED UNSPEC SCOOTER
Wangye,WY 125 T-108
Wangye,WY 125 T-121
Wangye,WY 50 QT-111
WK Bikes,COLT 125
WK Bikes,COLT 50
WK Bikes,DEMON 125
WK Bikes,E-COLT
Mutt,SABBATH 250
AJS,SCRAMBLER 125
Harley-Davidson,ROAD GLIDE CUSTOM 1745
WK Bikes,SX125
WK Bikes,TY 125 T-N
WK Bikes,TY 50 QT-29D
WK Bikes,TY 50 QT-B
WLIE,SUN
WLIE,VERACRUZ 125
WLIE,ZN 125 T-34
WUXI,IGOR
Xinri,MOPED UNSPEC SCOOTER
Yadea,C1S
Yadea,C-LIKE YD 1200 D-11
Yadea,C-LIKE YD 1200 D-11A
Yadea,EM 163 HARRIER
Yadea,G5
Yadea,S-LIKE
Yadea,Z3 MERLIN
Yadea,Z3-X5 MERLIN
Yamasaki,F31-50
Yamasaki,F51-50Q
Mash,BLACK 7
Yamasaki,YM 50-10
Yamasaki,YM 50 GYS
Yingang,YG 48 Q-5
Yoohoo,YH02
Zeths,HUNTER 50
Zeths,MOPED UNSPEC
Zhenhua,MOPED UNSPEC NAKED
Zhenhua,ZH A 50
Zhenhua,ZH CJL 125
Zhongneng,FALCON 125
Zhongneng,ZN 125 T-34
Zhongneng,ZN 50 QT-11B
Zhongneng,ZN 50 QT-22
Znen,M/C UNSPEC SCOOTER 51 - 125 CC
Znen,MOPED UNSPEC ELECTRIC SCOOTER
Znen,MOPED UNSPEC SCOOTER
Znen,R8 125
Znen,R8 50
Znen,ZN 125 T-22
Znen,ZN 125 T-E
Znen,ZN 50 QT-11D
Znen,ZN 50 QT-56
Znen,ZN 50 QT-E
Znen,ZNAM 125
Zontes,FIREFLY
Zontes,JAVELIN 125i
Zontes,MANTIS
Zontes,R310
Harley-Davidson,ROAD GLIDE LIMITED 1868
Zontes,S 250
Zontes,SCORPION 125
Zontes,T310
Zontes,TIGER 50
Zontes,V310
Zontes,X310
Zontes,ZT 125-G1
Zontes,ZT 125-U
Zontes,ZT 125-U1
Harley-Davidson,ROAD GLIDE SP 1690
AJS,71 DESERT SCRAMBLER
Herald,BRAT 125
Harley-Davidson,ROAD GLIDE SP 1745
Harley-Davidson,ROAD GLIDE SP 1868
Harley-Davidson,ROAD GLIDE ULTRA 1868
Electric Motion,EPURE COMP
Electric Motion,EPURE LITE
Electric Motion,EPURE RACE
Electric Motion,EPURE SPORT
Electric Motion,ESCAPE
Electric Motion,ESCAPE R
Electric Motion,M/C UNSPEC ELECTRIC COMP
LMX Bikes,LMX 161H
LMX Bikes,LMX 64H
Peugeot,BELVILLE 125
Peugeot,BELVILLE 200
Peugeot,CITYSTAR 125
Peugeot,CITYSTAR 200
Peugeot,DJANGO 125
Peugeot,DJANGO 150
Peugeot,DJANGO 50
Peugeot,ELYSTAR 125
Peugeot,KISBEE 50
Peugeot,KISBEE 50
Peugeot,METROLPOLIS 400
Peugeot,METROPOLIS 400
Peugeot,PULSION 125
Peugeot,SATELIS 2 400
Peugeot,SPEEDFIGHT 125
Peugeot,SPEEDFIGHT 50
Peugeot,STREETZONE
Peugeot,TWEET 125
Peugeot,TWEET 50
Scorpa,M/C UNSPEC T/E 126 - 650 CC
Scorpa,T-RIDE 280
Scorpa,TWENTY 125
Scorpa,TWENTY 250
Scorpa,TWENTY 300
Scorpa,TY 125
Harley-Davidson,ROAD KING 1690
Harley-Davidson,ROAD KING 1745
Harley-Davidson,ROAD KING CLASSIC 1745
Harley-Davidson,ROAD KING SPECIAL 1745
Harley-Davidson,ROAD KING SPECIAL 1868
Harley-Davidson,ROADSTER CX 1200
Harley-Davidson,SOFTAIL BREAKOUT 1690
Harley-Davidson,SOFTAIL BREAKOUT 1745
Harley-Davidson,SOFTAIL BREAKOUT 1868
Harley-Davidson,SOFTAIL DELUXE 1690
Harley-Davidson,SOFTAIL DELUXE 1745
Harley-Davidson,SOFTAIL SLIM 1690
Harley-Davidson,SOFTAIL SLIM 1745
Harley-Davidson,SPORT GLIDE 1745
Harley-Davidson,SPORTSTER C 1200
Harley-Davidson,SPORTSTER L 883
Harley-Davidson,SPORTSTER N 1200
Harley-Davidson,SPORTSTER N 883
Harley-Davidson,SPORTSTER S
Harley-Davidson,SPORTSTER T 1200
Harley-Davidson,SPORTSTER X 1200
Harley-Davidson,STEET BOB 114 1868
Harley-Davidson,STREET GLIDE 1745
Harley-Davidson,STREET GLIDE SPECIAL 1745
Harley-Davidson,STREET GLIDE SPECIAL 1868
Harley-Davidson,STREET ROD XG 750 A
Harley-Davidson,STREET XG 750
Harley-Davidson,TRI GLIDE ULTRA 1745
Harley-Davidson,TRI GLIDE ULTRA 1868
Harley-Davidson,ULTRA LIMITED 1745
Harley-Davidson,ULTRA LIMITED 1868
Harley-Davidson,ULTRA LTD LOW 1690
Harley-Davidson,ULTRA LTD LOW 1745
Harley-Davidson,ULTRA LTD LOW 1868
Harley-Davidson,V-ROD MUSCLE
Husqvarna,701 ENDURO
Husqvarna,701 ENDURO LR
Husqvarna,701 SUPERMOTO
Husqvarna,FC 350
Husqvarna,FC 450
Husqvarna,FE 250
Husqvarna,FE 350
Husqvarna,FE 450
Husqvarna,FE 501
Husqvarna,FE 501
Husqvarna,FR 450 RALLY
Mash,DIRT TRACK 125
Husqvarna,FS 450
Mutt,MASTIFF 250
Husqvarna,FX 350
Mash,X-RIDE
Mondial,HPS 125 S
Mash,DIRT TRACK 50
Husqvarna,FX 450
Husqvarna,M/C UNSPEC T/E 51 - 100 CC
Husqvarna,SVAARTPILEN 701 STYLE
Husqvarna,SVARTPILEN 125
Boom,MUSTANG
Boom,T/C UNSPEC OVER 1000 CC
Rewaco,RF1
Riese & Muller,MOPED UNSPEC EPAC
Atul,GEMINI PASSENGER
Bajaj,RE 2 STROKE
Bajaj,RE COMPACT 4S
Bajaj,RE COMPACT 4S
Bajaj,T/C UNSPEC DIESEL
Bajaj,T/C UNSPEC ELECTRIC
Bullit,BLUROC 250
Hanway,MUSCLE 125
Herald,BRAT 250
Mash,FIVE HUNDRED 400
Mutt,AKITA 250
Mutt,SUPER 4 125
Husqvarna,SVARTPILEN 401
Yamasaki,F66-50
Husqvarna,SVARTPILEN 701
Husqvarna,TC 125
Husqvarna,TC 250
Husqvarna,TE 150i
UM,DSR ADVENTURE 125
UM,DSR ADVENTURE TT 125
UM,DSR EX 125
UM,DSR SM 125
UM,RENEGADE COMMANDO 125
UM,RENEGADE COMMANDO CLASSIC 125
Husqvarna,TE 250
Bullit,HUNT S
UM,RENEGADE SPORT S 125
UM,RENEGADE VEGAS 125
Husqvarna,TE 250i
Husqvarna,TE 300
Husqvarna,TE 300i
Husqvarna,TX 125
Husqvarna,TX 300
Husqvarna,TX 300i
Husqvarna,VITPILEN 401
Husqvarna,VITPILEN 701
Indian Motorcycle,CHALLENGER DARK HORSE
Indian Motorcycle,CHALLENGER LIMITED
Indian Motorcycle,CHIEF BOBBER DARK HORSE
Indian Motorcycle,CHIEF DARK HORSE
Indian Motorcycle,CHIEF DARK HORSE
Indian Motorcycle,CHIEF DARK HORSE
Indian Motorcycle,CHIEFTAIN
Indian Motorcycle,CHIEFTAIN CLASSIC
Indian Motorcycle,CHIEFTAIN DARK HORSE
Indian Motorcycle,CHIEFTAIN DARK HORSE
Indian Motorcycle,CHIEFTAIN ELITE
Indian Motorcycle,CHIEFTAIN LIMITED
Indian Motorcycle,CHIEFTAIN LIMITED
Askoll,ES2
Askoll,ES2 EVO
Askoll,ES3
Askoll,ES3 EVO
Askoll,ESPRO 45
Askoll,ESPRO 70
Askoll,ESPRO K1-K2
Askoll,NGS2
Indian Motorcycle,CHIEF VINTAGE
Indian Motorcycle,CHIEF VINTAGE
Indian Motorcycle,FTR
Indian Motorcycle,FTR 1200
Indian Motorcycle,FTR 1200 RALLY
Indian Motorcycle,FTR 1200 S RACE REPLICA
Mash,SEVENTY 125
Indian Motorcycle,FTR R CARBON
Indian Motorcycle,FTR S
Indian Motorcycle,JACK DANIELS LE SCOUT BOBBER
Indian Motorcycle,ROADMASTER
Indian Motorcycle,ROADMASTER
Indian Motorcycle,ROADMASTER DARK HORSE
Indian Motorcycle,ROADMASTER LIMITED
Indian Motorcycle,SCOUT
Indian Motorcycle,SCOUT 100TH ANNIVERSARY
Indian Motorcycle,SCOUT BOBBER
Indian Motorcycle,SCOUT BOBBER SIXTY
Indian Motorcycle,SCOUT BOBBER TWENTY
Indian Motorcycle,SCOUT SIXTY
Indian Motorcycle,SPRINGFIELD
Indian Motorcycle,SPRINGFIELD
Indian Motorcycle,SPRINGFIELD DARK HORSE
Indian Motorcycle,SPRINGFIELD DARK HORSE
Indian Motorcycle,SUPER CHIEF LIMITED
Indian Motorcycle,VINTAGE DARK HORSE
Kawasaki,Z900 RS
Kawasaki,W 800
Kawasaki,Z900 RS CAFE
Kawasaki,J125
Kawasaki,J300
Kawasaki,KLE 650 VERSYS
Kawasaki,KLX 110
Kawasaki,KLZ 1000 VERSYS
Kawasaki,KX 250
Kawasaki,KX 450
Kawasaki,KX 450 F
Kawasaki,KXF 250
Kawasaki,M/C UNSPEC 51 - 125 CC
Kawasaki,M/C UNSPEC T/E 126 - 650 CC
Kawasaki,NINJA 1000 SX
Kawasaki,NINJA 125
Kawasaki,NINJA 400
Kawasaki,NINJA 650
Kawasaki,NINJA H2
Kawasaki,NINJA H2 SX
Kawasaki,NINJA ZX6 R 636
Kawasaki,VERSYS-X 300
Kawasaki,VULCAN S 650
Kawasaki,VULCAN S CAFE 650
Kawasaki,Z1000
Kawasaki,Z1000 SX
Kawasaki,Z125
Mutt,HILTS 250
Kawasaki,Z400
AJS,TEMPEST ROADSTER
Kawasaki,Z650
Kawasaki,Z900
Kawasaki,Z H2
Kawasaki,ZX10 R NINJA
Kawasaki,ZX10 RR NINJA
Kawasaki,ZZR 1400
Energica,EGO+ P RS
Energica,EVA ESSEESSE9
Energica,EVA RIBELLE
Energica,SS9+
Energica,SS9+ P RS
Kawasaki,Z650 RS
KTM,1090 ADVENTURE
KTM,1190 ADVENTURE
KTM,125 DUKE
Hanway,HC 125 CAFE RACER
Mutt,RS-13 250
AJS,ISABA
KTM,125 SX/MX
KTM,125 XC-W
KTM,1290 SUPER ADVENTURE R
KTM,1290 SUPER ADVENTURE S
KTM,1290 SUPERDUKE GT
KTM,1290 SUPERDUKE R
KTM,1290 SUPERDUKE RR
KTM,150 EXC TPI
KTM,150 SX
Garelli,MOPED UNSPEC SCOOTER
KTM,150 XC-W
KTM,250 EXC-F
Lambretta,FT 151 T-F PATO
Lambretta,V-200 SPECIAL
Lambretta,V-50 SPECIAL
Lambretta,V SPECIAL 125
Mash,DIRT TRACK 6.5
Mash,FALCONE 125
Mutt,RS-13 125
KTM,250 EXC-F SIX DAYS
Mondial,HPS CR 300 S
Herald,LEGEND 400 CLASSIC
Mondial,SMX 125 E
Mondial,SMX 125 M
KTM,250 EXC SIX DAY
Mash,TWO FIFTY
Mutt,MONGREL 250
Mash,CAFE RACER
Mash,TT 40
Mutt,FSR 250
KTM,250 EXC SIX DAYS
KTM,250 EXC TPI
Herald Motor Company,SM 125-25B CAFE
Mutt,GT-SS 250
KTM,250 SX
KTM,250 SX-F
KTM,250 XC
KTM,250 XC-F
KTM,250 XC TPI
KTM,300 EXC
Herald,LEGEND 400 CAFE
Moto Morini,CORSARO 1200
Moto Morini,M/C NAKED OVER 1000 CC
KTM,300 EXC SIX DAYS
KTM,300 EXC TPI
KTM,300 XC
KTM,300 XC TPI
KTM,350 EXC-F
KTM,350 EXC-F FACTORY EDITION
KTM,350 EXC-F SIX DAYS
KTM,350 EXC-F WESS
KTM,350 SX-F
KTM,350 XC-F
KTM,390 ADVENTURE
KTM,390 DUKE
KTM,450 EXC-F
KTM,450 EXC-F SIX DAYS
KTM,450 RALLY REPLICA
KTM,450 SX-F
KTM,500 EXC-F
KTM,500 EXC-F
KTM,500 EXC-F SIX DAYS
Piaggio,APE 50 CROSS
Piaggio,APE 50 VAN
Piaggio,APE CALESSINO 200
Piaggio,APE CLASSIC 400
Piaggio,BEVERLY 300
Piaggio,BEVERLY 300 HPE
Piaggio,BEVERLY 400 HPE
Piaggio,BEVERLY ST 350
Piaggio,LIBERTY 125
Piaggio,LIBERTY 125 DELIVERY
Piaggio,LIBERTY 125 S ABS
Piaggio,LIBERTY 50
Piaggio,LIBERTY 50
Piaggio,LIBERTY 50 DELIVERY
Piaggio,MEDLEY 125
Piaggio,MP3 300
Piaggio,MP3 300 HPE
Piaggio,MP3 300 LT BUSINESS
Piaggio,MP3 300 SPORT
Piaggio,MP3 300 YOURBAN LT
Piaggio,MP3 350 LT SPORT
Piaggio,MP3 400
Piaggio,MP3 500 HPE
Piaggio,MP3 500 HPE LT SPORT ABS
Piaggio,MP3 500 HPE SPORT ADVANCED
Piaggio,MP3 500 LT BUSINESS
Piaggio,MP3 500 LT SPORT ABS
Piaggio,MYMOOVER 125
Piaggio,NRG 50
Piaggio,PIAGGIO ONE
Piaggio,T/C UNSPEC 126 - 650 CC
Piaggio,TYPHOON 50
Piaggio,VESPA 946 125
Piaggio,VESPA 946 125 3V ABS
Piaggio,VESPA ELETTRICA
Piaggio,VESPA ELETTRICA
Piaggio,VESPA GTS 125 75TH
Piaggio,VESPA GTS 125 RACING SIXTIES
Piaggio,VESPA GTS 125 SUPER
Piaggio,VESPA GTS 125 SUPER ABS
Piaggio,VESPA GTS 125 SUPERSPORT
Piaggio,VESPA GTS 125 SUPERSPORT ABS
Piaggio,VESPA GTS 125 SUPERTECH
Piaggio,VESPA GTS 125 TOURING
Piaggio,VESPA GTS 125 TOURING ABS
Piaggio,VESPA GTS 300 75TH
Piaggio,VESPA GTS 300 ABS
Piaggio,VESPA GTS 300 RACING SIXTIES
Piaggio,VESPA GTS 300 SUPER ABS
Piaggio,VESPA GTS 300 SUPERSPORT ABS
Piaggio,VESPA GTS 300 SUPERTECH
Piaggio,VESPA GTS 300 TOURING ABS
Piaggio,VESPA GTS SUPER 125 RACING 60
Piaggio,VESPA GTS SUPER 300 RACING 60
Piaggio,VESPA GTS SUPER NOTTE 125
Piaggio,VESPA GTS SUPER NOTTE 300
Piaggio,VESPA GTS SUPERTECH 125
Piaggio,VESPA GTS SUPERTECH 300
Piaggio,VESPA GTS YACHT CLUB 125
Piaggio,VESPA GTS YACHT CLUB 300
Piaggio,VESPA GTV 300 SEI GIORNI
Piaggio,VESPA LX 125
Piaggio,VESPA PRIMAVERA 125 75TH
Piaggio,VESPA PRIMAVERA 125 ABS
Piaggio,VESPA PRIMAVERA 125 ABS SW
Piaggio,VESPA PRIMAVERA 125 ABS TOUR
Piaggio,VESPA PRIMAVERA 125 SW
Piaggio,VESPA PRIMAVERA 125 TOURING
Piaggio,VESPA PRIMAVERA 50
Piaggio,VESPA PRIMAVERA 50
Piaggio,VESPA PRIMAVERA 50 2T
Piaggio,VESPA PRIMAVERA YACHT CLUB 125
Piaggio,VESPA S 125
Piaggio,VESPA SPRINT 125 ABS
Piaggio,VESPA SPRINT 125 ABS SPORT
Piaggio,VESPA SPRINT SPORT 125
Piaggio,VESPA VXL 125
Piaggio,XEVO 125 SPORT
Piaggio,ZIP 50
Piaggio,ZIP 50
Mash,SCRAMBLER
Skyteam,ST 50-17
KTM,500 EXC-F SIX DAYS
KTM,690 DUKE
KTM,690 ENDURO R
Jawa,350 RETRO
KTM,690 SMC R
KTM,790 ADVENTURE
KTM,790 ADVENTURE R
KTM,790 ADVENTURE R RALLY
KTM,790 DUKE
TM,M/C UNSPEC 126 - 650 CC
TM,TM 125 ENDURO
TM,TM 144 ENDURO
TM,TM 250 ENDURO
TM,TM 300 ENDURO
TM,TM 450 ENDURO
Honda,4RIDE
Honda,ADV 750
Honda,ANC 125
Honda,C 125 SUPER CUB
Honda,C 125 SUPER CUB
Honda,CB 1000 R
Mondial,300 HPS PAGANI
Honda,CB 125
Honda,CB 125 F
Honda,CB 125 R
Honda,CB 500 F
Honda,CB 500 XA
Honda,CB 650 F
Honda,CB 650 R
Honda,CBF 125 M
Honda,CBF 300 N
Honda,CBF 300 NA
Honda,CBR 1000 RR FIREBLADE
Honda,CBR 1000 RR FIREBLADE
Honda,CBR 1000 S
Honda,CBR 500 RA
Honda,CBR 650 F
Honda,CBR 650 R
Honda,CMX 1100 REBEL
Honda,CMX 500 REBEL
Honda,CRF 1000
Honda,CRF 1100
Honda,CRF 150 RB
Honda,CRF 250 LA
Honda,CRF 250 R
Honda,CRF 250 RLA
Honda,CRF 250 RX
Honda,CRF 250 X
Honda,CRF 300 L
Honda,CRF 300 LR
Honda,CRF 450
Honda,CRF 450 F
Honda,CRF 450 L
Honda,CRF 450 R
Honda,CRF 450 RX
Honda,CRF 450 X
Honda,CRF 50
Honda,FORZA 350
Honda,FSH 125
Honda,GL 1800 GOLDWING
Honda,GL 1800 GOLDWING TOUR
Honda,GL 1800 GOLDWING TOURING
Honda,GYROCANOPY
Honda,M/C UNSPEC 51 - 125 CC
Honda,M/C UNSPEC T/E 126 - 650 CC
Honda,MRT 260 J
Honda,MRT 260 L
Honda,MRT 300 J
Honda,MRT 300 L
Honda,MRT 300 M
Honda,MSX 125
Honda,MSX 125
Honda,NC 750 D
Honda,NC 750 SA
Honda,NC 750 SD
Honda,NC 750 X
Honda,NSC 110 WH
Honda,NSC 110 WH
Honda,NSS 125 AD FORZA
Honda,NSS 300 FORZA
Honda,NSS 750 FORZA
Honda,PCX 125
Honda,SCV ACTIVA
Honda,SCV DIO
Honda,SCV NAVI
Honda,SH 125
Honda,SH 300
Honda,SH 350i
Honda,VFR 1200 X CROSSTOURER
Honda,VFR 800
Honda,VFR 800 X
Honda,VT 1300 SHADOW
Honda,VTX 1300
Honda,VTX 1300 C
Honda,Z 125 MA
Honda,Z 125 MA
KTM,85 SX
KTM,890 ADVENTURE
KTM,890 ADVENTURE R
KTM,890 ADVENTURE R RALLY
KTM,890 DUKE
KTM,890 DUKE R
KTM,FREERIDE 250 F
KTM,FREERIDE 250 R
KTM,FREERIDE E XC
KTM,M/C UNSPEC 51 - 125 CC
KTM,M/C UNSPEC T/E 126 - 650 CC
KTM,MOPED UNSPEC
KTM,RC 125
KTM,RC 390
Lexmoto,ADRENALINE 125 Efi
Lexmoto,ASPIRE  50 TD 50 Q-2
Lexmoto,ASSAULT 125
Lexmoto,ASSAULT 125 HJ 125-J
Lexmoto,AURA 125 LJ 125 T-18
Lexmoto,CHIEFTAIN TD 125 T-15
Lexmoto,CL 125 T
Lexmoto,CYPHER
Lexmoto,CYPHER ZS 1500 D-2
Lexmoto,DIABLO 125
Lexmoto,DIABLO 125 EFi LJ 125 T-8M
Lexmoto,DIABLO 50
Lexmoto,DIABLO 50 LJ 50 QT-9M
Mash,DIRT TRACK 250
Lexmoto,ECHO 50
Sinnis,CLASSIC
Skyteam,ST 125-17
Lexmoto,ECHO PLUS 50 LJ 50 QT-6L
Lexmoto,ENIGMA ZS 125 T-48
Lexmoto,FALCON 125 XGJ 125-27B
Lexmoto,FMR 125 EFI WY 125 T-74R
Lexmoto,FMX 125 EFI WY 125 T-108
Lexmoto,HAWK 125 XGJ 125-28
Lexmoto,HUNTER 50 TD 50 Q
Lexmoto,IMPULSE ZS 1200 DT
Lexmoto,ISCA 125 SK 125-L
Lexmoto,LS-N
Lexmoto,LX06
Lexmoto,LX08
Lexmoto,LXR 125
Lexmoto,LXR 125 SE
Lexmoto,LXR 125 SY 125-10
Lexmoto,LXR 380
Lexmoto,LXR SE 125 SY 125-10 SE
Lexmoto,LXS 125
Lexmoto,MATADOR EFi ZS 125 T-40
Lexmoto,MATADOR JJ 125 T-17
Lexmoto,MATADOR JJ 50 QT-17
Lexmoto,MICHIGAN 125
Lexmoto,MICHIGAN 125 EFI ZS 125-79
Lexmoto,MILANO 125 EFi FT 125 T-27
Lexmoto,MONZA 125 AN 125 T-34
Lexmoto,NANO 50 LJ 50 QT-N
Lexmoto,PEGASUS 300
Lexmoto,RIOT
Lexmoto,RIVIERA 125 LJ 125 T-V
Lexmoto,TEKKEN 125 MH 125 GY-15
Lexmoto,TITAN 125
Lexmoto,TITAN 125 ZN 125 T-8F
Lexmoto,TOMMY 125
Lexmoto,URBAN 125 LJ 125 T-16
Lexmoto,VALLETTA 125 ZN 125 T-Y
Lexmoto,VENOM 125 SK 125-22
Lexmoto,VENOM EFI SK 125-22
Lexmoto,VIENNA 125 EFI WY 125 T-121
Lexmoto,VIPER SK 125-22A
Lexmoto,WY 125 T-121
Lexmoto,ZSB 125 EFi
Lexmoto,ZSB 125 EFi SK125-8
Lexmoto,ZSX 125
Lexmoto,ZSX-F 125 EFI ZS 125-48A
Lexmoto,ZSX-R 125 EFI ZS 125-48A
Lexmoto,TEMPEST GT 125 LJ 125-9A GT
Lexmoto,TEMPEST 125 LJ 125-9A
Lexmoto,LJ 250-3V VENDETTA
Lexmoto,VALIANT 125 EFI XF 125 R
Moto Guzzi,V7 III ROUGH
Moto Guzzi,V9 ROAMER
Jawa,M/C UNSPEC 126 - 650 CC
Moto Guzzi,V7 IV STONE
Moto Guzzi,V7 IV SPECIAL
Moto Guzzi,V7 IV STONE CENTENARY
Moto Guzzi,V9 BOBBER
Moto Guzzi,CALIFORNIA 1400 TOURING
Moto Guzzi,V7 III STONE
Moto Guzzi,V85 TT
Moto Guzzi,V85 TT CENTENARY
Moto Guzzi,V85 TT EVOCATIVE
Moto Guzzi,V85 TT TRAVEL
Moto Guzzi,V7 III STONE NIGHT PACK
Moto Guzzi,V7 III CARBON
Moto Guzzi,V7 III CARBON SHINE
Moto Guzzi,V7 III MILANO
Moto Guzzi,V7 III SPECIAL
MV Agusta,BRUTALE 1000 RR
MV Agusta,BRUTALE 1000 RS
MV Agusta,BRUTALE 1000 SERIE ORO
MV Agusta,BRUTALE 800
MV Agusta,BRUTALE 800 DRAGSTER
MV Agusta,BRUTALE 910
MV Agusta,F3 675
MV Agusta,F3 800
Norton,COMMANDO 961 CAFE RACER
Norton,COMMANDO 961 SPORT
MV Agusta,F4
MV Agusta,F4 750 S
MV Agusta,RUSH 1000
MV Agusta,RVS #1
MV Agusta,SUPERVELOCE 800
MV Agusta,SUPERVELOCE 800 ALPINE
MV Agusta,SUPERVELOCE 800 SERIE ORO
MV Agusta,TURISMO VELOCE
MV Agusta,TURISMO VELOCE LUSSO
MV Agusta,TURISMO VELOCE LUSSO RC
MV Agusta,TURISMO VELOCE ROSSO
Royal Enfield,BULLET ELECTRA EFI
Royal Enfield,INTERCEPTOR INT 650
Royal Enfield,CONTINENTAL GT 650
Royal Enfield,BULLET CLASSIC EFI
Royal Enfield,BULLET TRIALS
Royal Enfield,HIMALAYAN
Royal Enfield,M/C UNSPEC 126 - 650 CC
Royal Enfield,M/C UNSPEC 126 - 650 CC
Royal Enfield,M/C UNSPEC 126 - 650 CC
Hyosung,AQUILA 125
Hyosung,GT 125 COMET
Hyosung,GT 125 RC COMET
Hyosung,GV 125 AQUILA
Hyosung,GV 125 S AQUILA
Hyosung,GV 300 S AQUILA
Qwic,MOPED UNSPEC
RAD Power Bikes,MOPED UNSPEC ELECTRIC
RAD Power Bikes,RADRHINO
Stirling Eco,M1 ELECTRO RIDE
Stirling Eco,MOPED UNSPEC ELECTRIC SCOOTER
UBCO,2X2
UBCO,2X2 ADV
Govecs,SCHWALBE
Romet Motors,M/C UNSPEC 51 - 125 CC
Romet Motors,MOPED UNSPEC
Royal Enfield,METEOR 350
Royal Enfield,BULLET EFI
Royal Enfield,CONTINENTAL GT
Sherco,125 SE-R
Sherco,125  TY CLASSIC
Sherco,250 SEF-R
Sherco,250 SEF-R FACTORY
Sherco,250 SE-R
Sherco,250 SE-R FACTORY
Sherco,250 ST FACTORY
Ural,M/C UNSPEC NAKED
Brixton,BX 125
Uberscoot,ES17
Derbi,SENDA RACING 50 SM
Derbi,SENDA XTREME DRD SM 50
Derbi,SENDA XTREME LIMITED
Derbi,SENDA XTREME SM
Fatbee,H1
Sherco,300 SEF-R
Sherco,300 SEF-R FACTORY
Sherco,300 SE-R
Sherco,300 SE-R FACTORY
Sherco,300 ST FACTORY
Sherco,450 SEF-R
Sherco,500 SEF
Sherco,HRD 50 SE-R FACTORY
Sherco,HRD 50 SM
Sherco,SHERCO 125
Sherco,SHERCO 250
Sherco,SHERCO 300
Sherco,X-RIDE 290
Suzuki,AN 400 BURGMAN
Suzuki,AN 650 BURGMAN
Suzuki,DL 1000 V-STROM
Suzuki,DL 1050 V-STROM
Jotagas,JT 300
Montesa,4RIDE
Montesa,M/C UNSPEC T/E TRAILS 260 CC
Montesa,MRT 260
Montesa,MRT 300 J
Montesa,MRT 300 L
Quazzar,E-DIVINE
Rieju,BYE BIKE ONE PLUS
Hanway,HS 125 SCRAMBLER
Rieju,MARATHON 125
Rieju,MARATHON 125
Rieju,MR 200 RANGER
Rieju,MR 250 PRO
Rieju,MR 250 RACING
Rieju,MR 300
Rieju,MR 300 PRO
Rieju,MR 300 RACING
Rieju,MR 300 RANGER
Rieju,MR 300 SIX DAYS
Rieju,MRT 125
Rieju,MRT 125
Rieju,MRT 50
Rieju,MRT 50
Rieju,NUUK
Rieju,NUUK
Rieju,RS3 125
Rieju,RS3 125
Rieju,RS3 50
Rieju,RS3 50
Rieju,STRADA 125
Rieju,TANGO 125
Scutum,S02
Scutum,S03
Silence,S01
Silence,S02
Silence,SO2 LS
Torrot,MUVI
TRS,TRRS ONE GOLD 250
TRS,TRRS ONE GOLD 280
TRS,TRRS ONE GOLD 300
TRS,TRRS ONE R 250
TRS,TRRS ONE R 280
TRS,TRRS ONE R 300
TRS,TRRS ONE RR 125
TRS,TRRS ONE RR 250
TRS,TRRS ONE RR 280
TRS,TRRS ONE RR 300
TRS,TRS ONE RR 250
TRS,TRS ONE RR 280
TRS,TRS ONE RR 300
Vertigo,COMBAT BUSTO REPLICA 300
Vertigo,COMBAT DOUGIE LAMPKIN REP 250
Vertigo,COMBAT DOUGIE LAMPKIN REP 300
Vertigo,COMBAT TITANIUM R 250
Vertigo,COMBAT TITANIUM R 300
Vertigo,COMBAT VERTICAL 200
Vertigo,COMBAT VERTICAL 250
Vertigo,COMBAT VERTICAL 300
Vertigo,COMBAT VERTICAL R 250
Vertigo,COMBAT VERTICAL R3 200
Vertigo,COMBAT VERTICAL R3 250
Vertigo,COMBAT VERTICAL R3 280
Vertigo,COMBAT VERTICAL R3 300
Vertigo,DOUGIE LAMPKIN REPLICA 250
Vertigo,DOUGIE LAMPKIN REPLICA 300
Vertigo,NITRO WORKS 250
Vertigo,TITANIUM BUSTO REPLICA 250
Vertigo,TITANIUM BUSTO REPLICA 300
Vertigo,VERTICAL R2 200
Vertigo,VERTICAL R2 250
Vertigo,VERTICAL R2 300
Cake,KALK&
Cake,M/C UNSPEC ELECTRIC SCOOTER
Cake,MOPED UNSPEC ELECTRIC SCOOTER
Husaberg,FE 450
Husaberg,FS 450 E
Quadro,QOODER
Quadro,QUADRO 3
Stromer,ST1X
Ego,T/C UNSPEC ELECTRIC
Hartford,HD 125 S
Kymco,AGILITY 50
Kymco,AGILITY CITY 125
Kymco,AGILITY CITY PLUS
Kymco,AGILITY CITY PLUS 125
Kymco,AK 550
Kymco,LIKE 125
Kymco,NEW LIKE 50
Kymco,PEOPLE GT 125i
Kymco,PEOPLE GT 300i ABS
Kymco,SUPER 8 50
Kymco,VISAR 125
Kymco,XCITING 400i ABS
Kymco,XCITING S 400
Kymco,X-TOWN 125i
Kymco,X-TOWN 300i
PGO,G-MAX 50
SYM,ADO5W JET 4 50
SYM,AV05W SYMPLY 50
SYM,CROX 125
SYM,CRUiSYM 125
SYM,CRUiSYM 300
SYM,FIDDLE 125
SYM,FIDDLE 50
SYM,FIDDLE III 125
SYM,FIDDLE III 50
SYM,FNX 125
SYM,JD05W JET 4 R 50
SYM,JET 14 125
SYM,JET 14 200
SYM,JET 14 50
SYM,JET 14 50
SYM,JET 4 125
SYM,JET 4 50
SYM,JET X 125
SYM,JOYMAX Z 125
SYM,JOYMAX Z 300
SYM,MASK 125
SYM,MASK 50
SYM,MAXSYM 600i
SYM,ORBIT III 125
SYM,SYMNH T 125
SYM,SYMNH X 125
SYM,SYMPHONY 125
SYM,SYMPHONY 125 SR
SYM,SYMPHONY ST 125
SYM,SYMPLY 2 125
SYM,SYMPLY 50
SYM,WOLF 125
Taiwan Golden Bee,DELIVERY 125
Taiwan Golden Bee,M/C UNSPEC SCOOTER 51 - 125 CC
Suzuki,DL 250 V-STROM
Herald,SK 125-25B SCRAMBLER
CW Bikes,CW 125
CW Bikes,CW 190
CW Bikes,CWS 125
CW Bikes,M/C UNSPEC T/E 126-650 CC
Ecorider,LT-019
Morgan,3 WHEELER
Morgan,3 WHEELER
Morgan,T/C UNSPEC OVER 1000 CC
Suzuki,DL 650 V-STROM
Mash,X-RIDE 650 CLASSIC
Mutt,SUPER 4 250
Sinnis,SCRAMBLER EFI
Jawa,350 CLASSIC
Norton,M/C UNSPEC 651 - 1000 CC
Norton,V4 SS
Royal Alloy,GP 125
Royal Alloy,GP 200
Royal Alloy,GP 300 S
Royal Alloy,GT 125
Royal Alloy,GT 125i
Royal Alloy,GT 200
Royal Alloy,GT 50
Royal Alloy,TG 125 AC
Royal Alloy,TG 125 LC
Royal Alloy,TG 300 LC
Scomadi,TL 125
Scomadi,TL 200
Scomadi,TT 125
Scomadi,TT 200
Suzuki,DR 650
Suzuki,GSX 1300 R HAYABUSA
Suzuki,GSX 250 R
Suzuki,GSXR 1000
Suzuki,GSXR 125
UM,RENEGADE SCRAMBLER CLASSIC 125
Suzuki,GSXS 1000
AJS,CLUBMAN 125
AJS,TEMPEST SCRAMBLER
Hanway,RAW 125
Herald,SK 125-25A CAFE
Herald,STREET CLASSIC
Mash,250 BLACK 7
Mash,MASH FORCE 400
Mutt,GT-SS 125
Sinnis,QM 250-2X
WK Bikes,LEGEND
Suzuki,GSXS 1000
Suzuki,GSXS 1000 F
Suzuki,GSXS 1000 S KATANA
Suzuki,GSXS 125
Suzuki,GSXS 750
Suzuki,GSXS 750 Y PHANTOM
Suzuki,GSXS 750 Z PHANTOM
Suzuki,GSXS 950
Suzuki,LS 650 P SAVAGE
Suzuki,RMZ 250
Suzuki,RMZ 450
Suzuki,SV 650 A
Jawa,350 OHC
Suzuki,UH 125 BURGMAN
Suzuki,UH 200 BURGMAN
Suzuki,UK 110 ADDRESS
SWM,GRAN MILANO
SWM,GRAN TURISMO
SWM,SILVER VASE
SWM,RS 125 R
SWM,RS 300 R
SWM,RS 500 R
SWM,SM 125 R
SWM,SM 500 R
SWM,SUPERDUAL
SWM,VAREZ 125
SWM,SIX DAYS
Triumph,BONNEVILLE T100
Triumph,BONNEVILLE T120 DIAMOND
Triumph,BONNEVILLE THRUXTON
Rieju,CENTURY 125
Norton,DOMINATOR
Triumph,SPEED TWIN
Triumph,BONNEVILLE STREET TWIN
Triumph,BONNEVILLE T120
Triumph,STREET SCRAMBLER
Triumph,BONNEVILLE T100
Triumph,BONNEVILLE T120 BLACK
Triumph,SCRAMBLER 1200 STEVE MCQUEEN
Triumph,SCRAMBLER 1200 XE
Triumph,SCRAMBLER 1200 XC
Triumph,STREET SCRAMBLER SANDSTORM
Triumph,THRUXTON RS
Triumph,BONNEVILLE STREET TWIN GOLDLN
Triumph,BONNEVILLE T120 BUD EKINS
Triumph,BONNEVILLE T100 BUD EKINS
Triumph,BONNEVILLE T100 BLACK
Triumph,THRUXTON RS SHOWCASE
Triumph,THRUXTON 1200 R
Triumph,THRUXTON 1200
Triumph,SCRAMBLER 1200 BOND EDITION
Triumph,BONNEVILLE T120 ACE
Triumph,BONNEVILLE BOBBER
Triumph,BONNEVILLE BOBBER BLACK
Triumph,BONNEVILLE BOBBER TFC
Triumph,BONNEVILLE SPEEDMASTER
WPB,M/C UNSPEC NAKED 126 - 650 CC
WPB,M/C UNSPEC NAKED 51 - 125 CC
WPB,MOPED UNSPEC
WPB,RACE 125
WPB,WPB 125
Triumph,DAYTONA MOTO2 765
Triumph,M/C UNSPEC 126 - 650 CC
Triumph,M/C UNSPEC 651 - 1000 CC
Triumph,M/C UNSPEC 651 - 1000 CC
Triumph,M/C UNSPEC 651 - 1000 CC
Triumph,M/C UNSPEC OVER 1000 CC
Triumph,ROCKET 111 ROADSTER
Triumph,ROCKET 3 GT
Triumph,ROCKET 3 GT TRIPLE BLACK
Triumph,ROCKET 3 R
Triumph,ROCKET 3 R BLACK
Triumph,ROCKET 3 TFC
Triumph,SPEED MASTER 865
Triumph,SPEED TRIPLE R 1050
Triumph,SPEED TRIPLE RS 1050
Triumph,SPEED TRIPLE RS 1160
Triumph,SPEED TRIPLE S 1050
Triumph,STREET TRIPLE
Triumph,STREET TRIPLE R
Triumph,STREET TRIPLE RS
Triumph,STREET TRIPLE S
Triumph,STREET TRIPLE S A2L
Triumph,BONNEVILLE 865
Triumph,STREET CUP
Triumph,THRUXTON TFC
Triumph,TIGER 1200 ALPINE
Triumph,TIGER 1200 DESERT
Triumph,TIGER 1200 XC
Triumph,TIGER 1200 XR
Triumph,TIGER 660 SPORT
Triumph,TIGER 800 XCA
Triumph,TIGER 800 XCx
Triumph,TIGER 800 XR
Triumph,TIGER 800 XRT
Triumph,TIGER 800 XRx
Triumph,TIGER 800 XRx LOW
Triumph,TIGER 850 SPORT
Triumph,TIGER 900
Triumph,TIGER 900 GT
Triumph,TIGER 900 GT LRH
Triumph,TIGER 900 GT PRO
Triumph,TIGER 900 RALLY
Triumph,TIGER 900 RALLY PRO
Triumph,TIGER EXPLORER XCA
Triumph,TIGER SPORT 1050
Triumph,TRIDENT
Yamaha,XSR 125
Yamaha,XSR 700
Yamaha,XSR 900 ABS
Yamaha,SCR 950
Yamaha,AEROX 50
Yamaha,DELIGHT 125
Yamaha,FJR 1300
Yamaha,FJR 1300 AE
Yamaha,FJR 1300 AS
Yamaha,M/C UNSPEC 126 - 650 CC
Yamaha,M/C UNSPEC 51 - 125 CC
Yamaha,MT-03 ABS
Yamaha,MT-07 ABS
Yamaha,MT-09
Yamaha,MT-09
Yamaha,MT-09 SP
Yamaha,MT-09 SP
Yamaha,MT-10
Yamaha,MT-10 SP
Yamaha,MT 125
Yamaha,MT 125
Yamaha,NIKEN
Yamaha,NIKEN GT
Yamaha,NMAX 125
Yamaha,TENERE 700
Yamaha,TENERE 700 RALLY
Yamaha,TMAX
Yamaha,TMAX
Yamaha,TMAX DX
Yamaha,TMAX DX
Yamaha,TMAX TECH MAX
Yamaha,TRACER 7
Yamaha,TRACER 700
Yamaha,TRACER 9
Yamaha,TRACER 900
Yamaha,TRACER 900 GT
Yamaha,TRACER 9 GT
Yamaha,TRICITY 125
Yamaha,TRICITY 300
Yamaha,WR 250 F
Yamaha,WR 450 F
Yamaha,X-MAX 125 ABS
Yamaha,X-MAX 300
Yamaha,X-MAX 400
Yamaha,X-MAX TECH MAX 125
Yamaha,X-MAX TECH MAX 300
Yamaha,XT 1200 ZE SUPER TENERE
Yamaha,XT 1200 Z SUPER TENERE
Yamaha,XV 1900
Yamaha,XV 950 R ABS
Yamaha,YN 50 F NEOS
Yamaha,YN 50 NEOS
Yamaha,YP 400 RA X-MAX ABS
Yamaha,YS 125
Yamaha,YZ 125
Yamaha,YZ 250
Yamaha,YZ 450 F
Yamaha,YZ 450 F
Yamaha,YZF R1
Yamaha,YZF R125
Yamaha,YZF R125
Yamaha,YZF R125 ABS
Yamaha,YZF R1M
Yamaha,YZF R3 ABS
Yamaha,YZF R6
Yamaha,XSR 900 ABARTH ABS
Zero Motorcycles,DSR ZF14.4
Zero Motorcycles,DS ZF14.4
Zero Motorcycles,DS ZF14.4 11kW
Zero Motorcycles,DS ZF7.2 11 kW
Zero Motorcycles,FXS 11kW ZF7.2
Zero Motorcycles,FXS ZF7.2
Zero Motorcycles,FXS ZF7.2 11kW
Zero Motorcycles,FX ZF7.2
Zero Motorcycles,M/C UNSPEC
Zero Motorcycles,S 11kW ZF14.4
Zero Motorcycles,S 11kW ZF7.2
Zero Motorcycles,SR/F ZF14.4
Zero Motorcycles,SR/S  ZF14.4
Zero Motorcycles,SR/S ZF14.4
Zero Motorcycles,SR ZF14.4
Zero Motorcycles,S ZF 14.4
Zero Motorcycles,S ZF14.4
Zero Motorcycles,S ZF14.4 11kW
BRP,CAN-AM RYKER 600 ACE
BRP,CAN-AM RYKER 900 ACE
BRP,CAN-AM RYKER RALLY ED 900 ACE
BRP,CAN-AM SPYDER F3
BRP,CAN-AM SPYDER F3 LIMITED
BRP,CAN-AM SPYDER F3 S
BRP,CAN-AM SPYDER F3 S SPECIAL SER
BRP,CAN-AM SPYDER RT
BRP,CAN-AM SPYDER RT LTD
BRP,CAN-AM SPYDER RT SEA-TO-SKY
